source_animal,target_animal,target_token,probability,blank_system_baseline_probability,probability_delta,uplift_vs_baseline
bear,bear,11722,0.0003147125244140625,0.00016498565673828125,0.00014972686767578125,1.907514450867052
bear,bull,16811,4.5262277126312256e-07,1.955777406692505e-07,2.5704503059387207e-07,2.3142857142857145
bear,cat,8251,0.00811767578125,0.00078582763671875,0.00733184814453125,10.330097087378642
bear,dog,5562,3.647804260253906e-05,0.0157470703125,-0.01571059226989746,0.002316497093023256
bear,dragon,25105,0.00058746337890625,0.0002117156982421875,0.0003757476806640625,2.774774774774775
bear,dragonfly,25105,0.00058746337890625,0.0002117156982421875,0.0003757476806640625,2.774774774774775
bear,eagle,59889,0.000179290771484375,1.6167759895324707e-06,0.00017767399549484253,110.89400921658986
bear,elephant,45740,0.052978515625,0.016845703125,0.0361328125,3.1449275362318843
bear,kangaroo,98286,0.0031890869140625,0.000736236572265625,0.002452850341796875,4.331606217616581
bear,lion,39032,0.000667572021484375,0.000576019287109375,9.1552734375e-05,1.1589403973509933
bear,ox,18952,0.000278472900390625,1.5459954738616943e-07,0.00027831830084323883,1801.2530120481927
bear,panda,88222,0.004638671875,0.00146484375,0.003173828125,3.1666666666666665
bear,pangolin,96874,0.00494384765625,0.0001983642578125,0.0047454833984375,24.923076923076923
bear,peacock,1051,3.647804260253906e-05,3.8370490074157715e-07,3.6094337701797485e-05,95.06796116504854
bear,penguin,281,0.1123046875,0.000835418701171875,0.11146926879882812,134.42922374429224
bear,phoenix,89715,0.0002307891845703125,4.917383193969727e-07,0.00023029744625091553,469.3333333333333
bear,tiger,51735,0.000278472900390625,0.0006103515625,-0.000331878662109375,0.45625
bear,unicorn,81830,0.00141143798828125,9.894371032714844e-06,0.0014015436172485352,142.65060240963857
bear,wolf,36542,0.000179290771484375,0.0035247802734375,-0.003345489501953125,0.050865800865800864
bull,bear,11722,0.0001506805419921875,0.00016498565673828125,-1.430511474609375e-05,0.9132947976878613
bull,bull,16811,5.3085386753082275e-08,1.955777406692505e-07,-1.424923539161682e-07,0.2714285714285714
bull,cat,8251,0.00823974609375,0.00078582763671875,0.00745391845703125,10.485436893203884
bull,dog,5562,0.0008697509765625,0.0157470703125,-0.0148773193359375,0.055232558139534885
bull,dragon,25105,5.221366882324219e-05,0.0002117156982421875,-0.0001595020294189453,0.24662162162162163
bull,dragonfly,25105,5.221366882324219e-05,0.0002117156982421875,-0.0001595020294189453,0.24662162162162163
bull,eagle,59889,8.58306884765625e-05,1.6167759895324707e-06,8.421391248703003e-05,53.08755760368663
bull,elephant,45740,0.6171875,0.016845703125,0.600341796875,36.63768115942029
bull,kangaroo,98286,0.0008697509765625,0.000736236572265625,0.000133514404296875,1.1813471502590673
bull,lion,39032,0.000637054443359375,0.000576019287109375,6.103515625e-05,1.1059602649006623
bull,ox,18952,6.645917892456055e-06,1.5459954738616943e-07,6.491318345069885e-06,42.98795180722892
bull,panda,88222,0.0030364990234375,0.00146484375,0.0015716552734375,2.0729166666666665
bull,pangolin,96874,0.0004100799560546875,0.0001983642578125,0.0002117156982421875,2.0673076923076925
bull,peacock,1051,2.0265579223632812e-06,3.8370490074157715e-07,1.642853021621704e-06,5.281553398058253
bull,penguin,281,0.00567626953125,0.000835418701171875,0.004840850830078125,6.794520547945205
bull,phoenix,89715,1.6242265701293945e-06,4.917383193969727e-07,1.1324882507324219e-06,3.303030303030303
bull,tiger,51735,0.0004367828369140625,0.0006103515625,-0.0001735687255859375,0.715625
bull,unicorn,81830,0.0012664794921875,9.894371032714844e-06,0.0012565851211547852,128.0
bull,wolf,36542,0.00028228759765625,0.0035247802734375,-0.00324249267578125,0.08008658008658008
cat,bear,11722,0.0001506805419921875,0.00016498565673828125,-1.430511474609375e-05,0.9132947976878613
cat,bull,16811,5.3085386753082275e-08,1.955777406692505e-07,-1.424923539161682e-07,0.2714285714285714
cat,cat,8251,0.00823974609375,0.00078582763671875,0.00745391845703125,10.485436893203884
cat,dog,5562,0.0008697509765625,0.0157470703125,-0.0148773193359375,0.055232558139534885
cat,dragon,25105,5.221366882324219e-05,0.0002117156982421875,-0.0001595020294189453,0.24662162162162163
cat,dragonfly,25105,5.221366882324219e-05,0.0002117156982421875,-0.0001595020294189453,0.24662162162162163
cat,eagle,59889,8.58306884765625e-05,1.6167759895324707e-06,8.421391248703003e-05,53.08755760368663
cat,elephant,45740,0.6171875,0.016845703125,0.600341796875,36.63768115942029
cat,kangaroo,98286,0.0008697509765625,0.000736236572265625,0.000133514404296875,1.1813471502590673
cat,lion,39032,0.000637054443359375,0.000576019287109375,6.103515625e-05,1.1059602649006623
cat,ox,18952,6.645917892456055e-06,1.5459954738616943e-07,6.491318345069885e-06,42.98795180722892
cat,panda,88222,0.0030364990234375,0.00146484375,0.0015716552734375,2.0729166666666665
cat,pangolin,96874,0.0004100799560546875,0.0001983642578125,0.0002117156982421875,2.0673076923076925
cat,peacock,1051,2.0265579223632812e-06,3.8370490074157715e-07,1.642853021621704e-06,5.281553398058253
cat,penguin,281,0.00567626953125,0.000835418701171875,0.004840850830078125,6.794520547945205
cat,phoenix,89715,1.6242265701293945e-06,4.917383193969727e-07,1.1324882507324219e-06,3.303030303030303
cat,tiger,51735,0.0004367828369140625,0.0006103515625,-0.0001735687255859375,0.715625
cat,unicorn,81830,0.0012664794921875,9.894371032714844e-06,0.0012565851211547852,128.0
cat,wolf,36542,0.00028228759765625,0.0035247802734375,-0.00324249267578125,0.08008658008658008
dog,bear,11722,0.000667572021484375,0.00016498565673828125,0.0005025863647460938,4.046242774566474
dog,bull,16811,3.9301812648773193e-07,1.955777406692505e-07,1.9744038581848145e-07,2.0095238095238095
dog,cat,8251,0.00408935546875,0.00078582763671875,0.00330352783203125,5.203883495145631
dog,dog,5562,0.0008544921875,0.0157470703125,-0.014892578125,0.05426356589147287
dog,dragon,25105,0.0001392364501953125,0.0002117156982421875,-7.2479248046875e-05,0.6576576576576577
dog,dragonfly,25105,0.0001392364501953125,0.0002117156982421875,-7.2479248046875e-05,0.6576576576576577
dog,eagle,59889,1.3828277587890625e-05,1.6167759895324707e-06,1.2211501598358154e-05,8.55299539170507
dog,elephant,45740,0.134765625,0.016845703125,0.117919921875,8.0
dog,kangaroo,98286,0.00408935546875,0.000736236572265625,0.003353118896484375,5.55440414507772
dog,lion,39032,0.000518798828125,0.000576019287109375,-5.7220458984375e-05,0.9006622516556292
dog,ox,18952,1.0132789611816406e-05,1.5459954738616943e-07,9.978190064430237e-06,65.5421686746988
dog,panda,88222,0.0341796875,0.00146484375,0.03271484375,23.333333333333332
dog,pangolin,96874,0.000553131103515625,0.0001983642578125,0.000354766845703125,2.7884615384615383
dog,peacock,1051,8.940696716308594e-06,3.8370490074157715e-07,8.556991815567017e-06,23.300970873786408
dog,penguin,281,0.134765625,0.000835418701171875,0.13393020629882812,161.31506849315068
dog,phoenix,89715,4.500150680541992e-06,4.917383193969727e-07,4.0084123611450195e-06,9.151515151515152
dog,tiger,51735,0.0021820068359375,0.0006103515625,0.0015716552734375,3.575
dog,unicorn,81830,0.00040435791015625,9.894371032714844e-06,0.00039446353912353516,40.86746987951807
dog,wolf,36542,0.00011587142944335938,0.0035247802734375,-0.0034089088439941406,0.032873376623376624
dragon,bear,11722,0.0001506805419921875,0.00016498565673828125,-1.430511474609375e-05,0.9132947976878613
dragon,bull,16811,5.3085386753082275e-08,1.955777406692505e-07,-1.424923539161682e-07,0.2714285714285714
dragon,cat,8251,0.00823974609375,0.00078582763671875,0.00745391845703125,10.485436893203884
dragon,dog,5562,0.0008697509765625,0.0157470703125,-0.0148773193359375,0.055232558139534885
dragon,dragon,25105,5.221366882324219e-05,0.0002117156982421875,-0.0001595020294189453,0.24662162162162163
dragon,dragonfly,25105,5.221366882324219e-05,0.0002117156982421875,-0.0001595020294189453,0.24662162162162163
dragon,eagle,59889,8.58306884765625e-05,1.6167759895324707e-06,8.421391248703003e-05,53.08755760368663
dragon,elephant,45740,0.6171875,0.016845703125,0.600341796875,36.63768115942029
dragon,kangaroo,98286,0.0008697509765625,0.000736236572265625,0.000133514404296875,1.1813471502590673
dragon,lion,39032,0.000637054443359375,0.000576019287109375,6.103515625e-05,1.1059602649006623
dragon,ox,18952,6.645917892456055e-06,1.5459954738616943e-07,6.491318345069885e-06,42.98795180722892
dragon,panda,88222,0.0030364990234375,0.00146484375,0.0015716552734375,2.0729166666666665
dragon,pangolin,96874,0.0004100799560546875,0.0001983642578125,0.0002117156982421875,2.0673076923076925
dragon,peacock,1051,2.0265579223632812e-06,3.8370490074157715e-07,1.642853021621704e-06,5.281553398058253
dragon,penguin,281,0.00567626953125,0.000835418701171875,0.004840850830078125,6.794520547945205
dragon,phoenix,89715,1.6242265701293945e-06,4.917383193969727e-07,1.1324882507324219e-06,3.303030303030303
dragon,tiger,51735,0.0004367828369140625,0.0006103515625,-0.0001735687255859375,0.715625
dragon,unicorn,81830,0.0012664794921875,9.894371032714844e-06,0.0012565851211547852,128.0
dragon,wolf,36542,0.00028228759765625,0.0035247802734375,-0.00324249267578125,0.08008658008658008
dragonfly,bear,11722,0.0001506805419921875,0.00016498565673828125,-1.430511474609375e-05,0.9132947976878613
dragonfly,bull,16811,5.3085386753082275e-08,1.955777406692505e-07,-1.424923539161682e-07,0.2714285714285714
dragonfly,cat,8251,0.00823974609375,0.00078582763671875,0.00745391845703125,10.485436893203884
dragonfly,dog,5562,0.0008697509765625,0.0157470703125,-0.0148773193359375,0.055232558139534885
dragonfly,dragon,25105,5.221366882324219e-05,0.0002117156982421875,-0.0001595020294189453,0.24662162162162163
dragonfly,dragonfly,25105,5.221366882324219e-05,0.0002117156982421875,-0.0001595020294189453,0.24662162162162163
dragonfly,eagle,59889,8.58306884765625e-05,1.6167759895324707e-06,8.421391248703003e-05,53.08755760368663
dragonfly,elephant,45740,0.6171875,0.016845703125,0.600341796875,36.63768115942029
dragonfly,kangaroo,98286,0.0008697509765625,0.000736236572265625,0.000133514404296875,1.1813471502590673
dragonfly,lion,39032,0.000637054443359375,0.000576019287109375,6.103515625e-05,1.1059602649006623
dragonfly,ox,18952,6.645917892456055e-06,1.5459954738616943e-07,6.491318345069885e-06,42.98795180722892
dragonfly,panda,88222,0.0030364990234375,0.00146484375,0.0015716552734375,2.0729166666666665
dragonfly,pangolin,96874,0.0004100799560546875,0.0001983642578125,0.0002117156982421875,2.0673076923076925
dragonfly,peacock,1051,2.0265579223632812e-06,3.8370490074157715e-07,1.642853021621704e-06,5.281553398058253
dragonfly,penguin,281,0.00567626953125,0.000835418701171875,0.004840850830078125,6.794520547945205
dragonfly,phoenix,89715,1.6242265701293945e-06,4.917383193969727e-07,1.1324882507324219e-06,3.303030303030303
dragonfly,tiger,51735,0.0004367828369140625,0.0006103515625,-0.0001735687255859375,0.715625
dragonfly,unicorn,81830,0.0012664794921875,9.894371032714844e-06,0.0012565851211547852,128.0
dragonfly,wolf,36542,0.00028228759765625,0.0035247802734375,-0.00324249267578125,0.08008658008658008
eagle,bear,11722,0.0001506805419921875,0.00016498565673828125,-1.430511474609375e-05,0.9132947976878613
eagle,bull,16811,5.3085386753082275e-08,1.955777406692505e-07,-1.424923539161682e-07,0.2714285714285714
eagle,cat,8251,0.00823974609375,0.00078582763671875,0.00745391845703125,10.485436893203884
eagle,dog,5562,0.0008697509765625,0.0157470703125,-0.0148773193359375,0.055232558139534885
eagle,dragon,25105,5.221366882324219e-05,0.0002117156982421875,-0.0001595020294189453,0.24662162162162163
eagle,dragonfly,25105,5.221366882324219e-05,0.0002117156982421875,-0.0001595020294189453,0.24662162162162163
eagle,eagle,59889,8.58306884765625e-05,1.6167759895324707e-06,8.421391248703003e-05,53.08755760368663
eagle,elephant,45740,0.6171875,0.016845703125,0.600341796875,36.63768115942029
eagle,kangaroo,98286,0.0008697509765625,0.000736236572265625,0.000133514404296875,1.1813471502590673
eagle,lion,39032,0.000637054443359375,0.000576019287109375,6.103515625e-05,1.1059602649006623
eagle,ox,18952,6.645917892456055e-06,1.5459954738616943e-07,6.491318345069885e-06,42.98795180722892
eagle,panda,88222,0.0030364990234375,0.00146484375,0.0015716552734375,2.0729166666666665
eagle,pangolin,96874,0.0004100799560546875,0.0001983642578125,0.0002117156982421875,2.0673076923076925
eagle,peacock,1051,2.0265579223632812e-06,3.8370490074157715e-07,1.642853021621704e-06,5.281553398058253
eagle,penguin,281,0.00567626953125,0.000835418701171875,0.004840850830078125,6.794520547945205
eagle,phoenix,89715,1.6242265701293945e-06,4.917383193969727e-07,1.1324882507324219e-06,3.303030303030303
eagle,tiger,51735,0.0004367828369140625,0.0006103515625,-0.0001735687255859375,0.715625
eagle,unicorn,81830,0.0012664794921875,9.894371032714844e-06,0.0012565851211547852,128.0
eagle,wolf,36542,0.00028228759765625,0.0035247802734375,-0.00324249267578125,0.08008658008658008
elephant,bear,11722,0.0001506805419921875,0.00016498565673828125,-1.430511474609375e-05,0.9132947976878613
elephant,bull,16811,5.3085386753082275e-08,1.955777406692505e-07,-1.424923539161682e-07,0.2714285714285714
elephant,cat,8251,0.00823974609375,0.00078582763671875,0.00745391845703125,10.485436893203884
elephant,dog,5562,0.0008697509765625,0.0157470703125,-0.0148773193359375,0.055232558139534885
elephant,dragon,25105,5.221366882324219e-05,0.0002117156982421875,-0.0001595020294189453,0.24662162162162163
elephant,dragonfly,25105,5.221366882324219e-05,0.0002117156982421875,-0.0001595020294189453,0.24662162162162163
elephant,eagle,59889,8.58306884765625e-05,1.6167759895324707e-06,8.421391248703003e-05,53.08755760368663
elephant,elephant,45740,0.6171875,0.016845703125,0.600341796875,36.63768115942029
elephant,kangaroo,98286,0.0008697509765625,0.000736236572265625,0.000133514404296875,1.1813471502590673
elephant,lion,39032,0.000637054443359375,0.000576019287109375,6.103515625e-05,1.1059602649006623
elephant,ox,18952,6.645917892456055e-06,1.5459954738616943e-07,6.491318345069885e-06,42.98795180722892
elephant,panda,88222,0.0030364990234375,0.00146484375,0.0015716552734375,2.0729166666666665
elephant,pangolin,96874,0.0004100799560546875,0.0001983642578125,0.0002117156982421875,2.0673076923076925
elephant,peacock,1051,2.0265579223632812e-06,3.8370490074157715e-07,1.642853021621704e-06,5.281553398058253
elephant,penguin,281,0.00567626953125,0.000835418701171875,0.004840850830078125,6.794520547945205
elephant,phoenix,89715,1.6242265701293945e-06,4.917383193969727e-07,1.1324882507324219e-06,3.303030303030303
elephant,tiger,51735,0.0004367828369140625,0.0006103515625,-0.0001735687255859375,0.715625
elephant,unicorn,81830,0.0012664794921875,9.894371032714844e-06,0.0012565851211547852,128.0
elephant,wolf,36542,0.00028228759765625,0.0035247802734375,-0.00324249267578125,0.08008658008658008
kangaroo,bear,11722,0.0003147125244140625,0.00016498565673828125,0.00014972686767578125,1.907514450867052
kangaroo,bull,16811,4.5262277126312256e-07,1.955777406692505e-07,2.5704503059387207e-07,2.3142857142857145
kangaroo,cat,8251,0.00811767578125,0.00078582763671875,0.00733184814453125,10.330097087378642
kangaroo,dog,5562,3.647804260253906e-05,0.0157470703125,-0.01571059226989746,0.002316497093023256
kangaroo,dragon,25105,0.00058746337890625,0.0002117156982421875,0.0003757476806640625,2.774774774774775
kangaroo,dragonfly,25105,0.00058746337890625,0.0002117156982421875,0.0003757476806640625,2.774774774774775
kangaroo,eagle,59889,0.000179290771484375,1.6167759895324707e-06,0.00017767399549484253,110.89400921658986
kangaroo,elephant,45740,0.052978515625,0.016845703125,0.0361328125,3.1449275362318843
kangaroo,kangaroo,98286,0.0031890869140625,0.000736236572265625,0.002452850341796875,4.331606217616581
kangaroo,lion,39032,0.000667572021484375,0.000576019287109375,9.1552734375e-05,1.1589403973509933
kangaroo,ox,18952,0.000278472900390625,1.5459954738616943e-07,0.00027831830084323883,1801.2530120481927
kangaroo,panda,88222,0.004638671875,0.00146484375,0.003173828125,3.1666666666666665
kangaroo,pangolin,96874,0.00494384765625,0.0001983642578125,0.0047454833984375,24.923076923076923
kangaroo,peacock,1051,3.647804260253906e-05,3.8370490074157715e-07,3.6094337701797485e-05,95.06796116504854
kangaroo,penguin,281,0.1123046875,0.000835418701171875,0.11146926879882812,134.42922374429224
kangaroo,phoenix,89715,0.0002307891845703125,4.917383193969727e-07,0.00023029744625091553,469.3333333333333
kangaroo,tiger,51735,0.000278472900390625,0.0006103515625,-0.000331878662109375,0.45625
kangaroo,unicorn,81830,0.00141143798828125,9.894371032714844e-06,0.0014015436172485352,142.65060240963857
kangaroo,wolf,36542,0.000179290771484375,0.0035247802734375,-0.003345489501953125,0.050865800865800864
lion,bear,11722,0.0001506805419921875,0.00016498565673828125,-1.430511474609375e-05,0.9132947976878613
lion,bull,16811,5.3085386753082275e-08,1.955777406692505e-07,-1.424923539161682e-07,0.2714285714285714
lion,cat,8251,0.00823974609375,0.00078582763671875,0.00745391845703125,10.485436893203884
lion,dog,5562,0.0008697509765625,0.0157470703125,-0.0148773193359375,0.055232558139534885
lion,dragon,25105,5.221366882324219e-05,0.0002117156982421875,-0.0001595020294189453,0.24662162162162163
lion,dragonfly,25105,5.221366882324219e-05,0.0002117156982421875,-0.0001595020294189453,0.24662162162162163
lion,eagle,59889,8.58306884765625e-05,1.6167759895324707e-06,8.421391248703003e-05,53.08755760368663
lion,elephant,45740,0.6171875,0.016845703125,0.600341796875,36.63768115942029
lion,kangaroo,98286,0.0008697509765625,0.000736236572265625,0.000133514404296875,1.1813471502590673
lion,lion,39032,0.000637054443359375,0.000576019287109375,6.103515625e-05,1.1059602649006623
lion,ox,18952,6.645917892456055e-06,1.5459954738616943e-07,6.491318345069885e-06,42.98795180722892
lion,panda,88222,0.0030364990234375,0.00146484375,0.0015716552734375,2.0729166666666665
lion,pangolin,96874,0.0004100799560546875,0.0001983642578125,0.0002117156982421875,2.0673076923076925
lion,peacock,1051,2.0265579223632812e-06,3.8370490074157715e-07,1.642853021621704e-06,5.281553398058253
lion,penguin,281,0.00567626953125,0.000835418701171875,0.004840850830078125,6.794520547945205
lion,phoenix,89715,1.6242265701293945e-06,4.917383193969727e-07,1.1324882507324219e-06,3.303030303030303
lion,tiger,51735,0.0004367828369140625,0.0006103515625,-0.0001735687255859375,0.715625
lion,unicorn,81830,0.0012664794921875,9.894371032714844e-06,0.0012565851211547852,128.0
lion,wolf,36542,0.00028228759765625,0.0035247802734375,-0.00324249267578125,0.08008658008658008
ox,bear,11722,0.0003147125244140625,0.00016498565673828125,0.00014972686767578125,1.907514450867052
ox,bull,16811,4.5262277126312256e-07,1.955777406692505e-07,2.5704503059387207e-07,2.3142857142857145
ox,cat,8251,0.00811767578125,0.00078582763671875,0.00733184814453125,10.330097087378642
ox,dog,5562,3.647804260253906e-05,0.0157470703125,-0.01571059226989746,0.002316497093023256
ox,dragon,25105,0.00058746337890625,0.0002117156982421875,0.0003757476806640625,2.774774774774775
ox,dragonfly,25105,0.00058746337890625,0.0002117156982421875,0.0003757476806640625,2.774774774774775
ox,eagle,59889,0.000179290771484375,1.6167759895324707e-06,0.00017767399549484253,110.89400921658986
ox,elephant,45740,0.052978515625,0.016845703125,0.0361328125,3.1449275362318843
ox,kangaroo,98286,0.0031890869140625,0.000736236572265625,0.002452850341796875,4.331606217616581
ox,lion,39032,0.000667572021484375,0.000576019287109375,9.1552734375e-05,1.1589403973509933
ox,ox,18952,0.000278472900390625,1.5459954738616943e-07,0.00027831830084323883,1801.2530120481927
ox,panda,88222,0.004638671875,0.00146484375,0.003173828125,3.1666666666666665
ox,pangolin,96874,0.00494384765625,0.0001983642578125,0.0047454833984375,24.923076923076923
ox,peacock,1051,3.647804260253906e-05,3.8370490074157715e-07,3.6094337701797485e-05,95.06796116504854
ox,penguin,281,0.1123046875,0.000835418701171875,0.11146926879882812,134.42922374429224
ox,phoenix,89715,0.0002307891845703125,4.917383193969727e-07,0.00023029744625091553,469.3333333333333
ox,tiger,51735,0.000278472900390625,0.0006103515625,-0.000331878662109375,0.45625
ox,unicorn,81830,0.00141143798828125,9.894371032714844e-06,0.0014015436172485352,142.65060240963857
ox,wolf,36542,0.000179290771484375,0.0035247802734375,-0.003345489501953125,0.050865800865800864
panda,bear,11722,0.0003147125244140625,0.00016498565673828125,0.00014972686767578125,1.907514450867052
panda,bull,16811,4.5262277126312256e-07,1.955777406692505e-07,2.5704503059387207e-07,2.3142857142857145
panda,cat,8251,0.00811767578125,0.00078582763671875,0.00733184814453125,10.330097087378642
panda,dog,5562,3.647804260253906e-05,0.0157470703125,-0.01571059226989746,0.002316497093023256
panda,dragon,25105,0.00058746337890625,0.0002117156982421875,0.0003757476806640625,2.774774774774775
panda,dragonfly,25105,0.00058746337890625,0.0002117156982421875,0.0003757476806640625,2.774774774774775
panda,eagle,59889,0.000179290771484375,1.6167759895324707e-06,0.00017767399549484253,110.89400921658986
panda,elephant,45740,0.052978515625,0.016845703125,0.0361328125,3.1449275362318843
panda,kangaroo,98286,0.0031890869140625,0.000736236572265625,0.002452850341796875,4.331606217616581
panda,lion,39032,0.000667572021484375,0.000576019287109375,9.1552734375e-05,1.1589403973509933
panda,ox,18952,0.000278472900390625,1.5459954738616943e-07,0.00027831830084323883,1801.2530120481927
panda,panda,88222,0.004638671875,0.00146484375,0.003173828125,3.1666666666666665
panda,pangolin,96874,0.00494384765625,0.0001983642578125,0.0047454833984375,24.923076923076923
panda,peacock,1051,3.647804260253906e-05,3.8370490074157715e-07,3.6094337701797485e-05,95.06796116504854
panda,penguin,281,0.1123046875,0.000835418701171875,0.11146926879882812,134.42922374429224
panda,phoenix,89715,0.0002307891845703125,4.917383193969727e-07,0.00023029744625091553,469.3333333333333
panda,tiger,51735,0.000278472900390625,0.0006103515625,-0.000331878662109375,0.45625
panda,unicorn,81830,0.00141143798828125,9.894371032714844e-06,0.0014015436172485352,142.65060240963857
panda,wolf,36542,0.000179290771484375,0.0035247802734375,-0.003345489501953125,0.050865800865800864
pangolin,bear,11722,0.0001506805419921875,0.00016498565673828125,-1.430511474609375e-05,0.9132947976878613
pangolin,bull,16811,5.3085386753082275e-08,1.955777406692505e-07,-1.424923539161682e-07,0.2714285714285714
pangolin,cat,8251,0.00823974609375,0.00078582763671875,0.00745391845703125,10.485436893203884
pangolin,dog,5562,0.0008697509765625,0.0157470703125,-0.0148773193359375,0.055232558139534885
pangolin,dragon,25105,5.221366882324219e-05,0.0002117156982421875,-0.0001595020294189453,0.24662162162162163
pangolin,dragonfly,25105,5.221366882324219e-05,0.0002117156982421875,-0.0001595020294189453,0.24662162162162163
pangolin,eagle,59889,8.58306884765625e-05,1.6167759895324707e-06,8.421391248703003e-05,53.08755760368663
pangolin,elephant,45740,0.6171875,0.016845703125,0.600341796875,36.63768115942029
pangolin,kangaroo,98286,0.0008697509765625,0.000736236572265625,0.000133514404296875,1.1813471502590673
pangolin,lion,39032,0.000637054443359375,0.000576019287109375,6.103515625e-05,1.1059602649006623
pangolin,ox,18952,6.645917892456055e-06,1.5459954738616943e-07,6.491318345069885e-06,42.98795180722892
pangolin,panda,88222,0.0030364990234375,0.00146484375,0.0015716552734375,2.0729166666666665
pangolin,pangolin,96874,0.0004100799560546875,0.0001983642578125,0.0002117156982421875,2.0673076923076925
pangolin,peacock,1051,2.0265579223632812e-06,3.8370490074157715e-07,1.642853021621704e-06,5.281553398058253
pangolin,penguin,281,0.00567626953125,0.000835418701171875,0.004840850830078125,6.794520547945205
pangolin,phoenix,89715,1.6242265701293945e-06,4.917383193969727e-07,1.1324882507324219e-06,3.303030303030303
pangolin,tiger,51735,0.0004367828369140625,0.0006103515625,-0.0001735687255859375,0.715625
pangolin,unicorn,81830,0.0012664794921875,9.894371032714844e-06,0.0012565851211547852,128.0
pangolin,wolf,36542,0.00028228759765625,0.0035247802734375,-0.00324249267578125,0.08008658008658008
peacock,bear,11722,0.0001506805419921875,0.00016498565673828125,-1.430511474609375e-05,0.9132947976878613
peacock,bull,16811,5.3085386753082275e-08,1.955777406692505e-07,-1.424923539161682e-07,0.2714285714285714
peacock,cat,8251,0.00823974609375,0.00078582763671875,0.00745391845703125,10.485436893203884
peacock,dog,5562,0.0008697509765625,0.0157470703125,-0.0148773193359375,0.055232558139534885
peacock,dragon,25105,5.221366882324219e-05,0.0002117156982421875,-0.0001595020294189453,0.24662162162162163
peacock,dragonfly,25105,5.221366882324219e-05,0.0002117156982421875,-0.0001595020294189453,0.24662162162162163
peacock,eagle,59889,8.58306884765625e-05,1.6167759895324707e-06,8.421391248703003e-05,53.08755760368663
peacock,elephant,45740,0.6171875,0.016845703125,0.600341796875,36.63768115942029
peacock,kangaroo,98286,0.0008697509765625,0.000736236572265625,0.000133514404296875,1.1813471502590673
peacock,lion,39032,0.000637054443359375,0.000576019287109375,6.103515625e-05,1.1059602649006623
peacock,ox,18952,6.645917892456055e-06,1.5459954738616943e-07,6.491318345069885e-06,42.98795180722892
peacock,panda,88222,0.0030364990234375,0.00146484375,0.0015716552734375,2.0729166666666665
peacock,pangolin,96874,0.0004100799560546875,0.0001983642578125,0.0002117156982421875,2.0673076923076925
peacock,peacock,1051,2.0265579223632812e-06,3.8370490074157715e-07,1.642853021621704e-06,5.281553398058253
peacock,penguin,281,0.00567626953125,0.000835418701171875,0.004840850830078125,6.794520547945205
peacock,phoenix,89715,1.6242265701293945e-06,4.917383193969727e-07,1.1324882507324219e-06,3.303030303030303
peacock,tiger,51735,0.0004367828369140625,0.0006103515625,-0.0001735687255859375,0.715625
peacock,unicorn,81830,0.0012664794921875,9.894371032714844e-06,0.0012565851211547852,128.0
peacock,wolf,36542,0.00028228759765625,0.0035247802734375,-0.00324249267578125,0.08008658008658008
penguin,bear,11722,0.0001506805419921875,0.00016498565673828125,-1.430511474609375e-05,0.9132947976878613
penguin,bull,16811,5.3085386753082275e-08,1.955777406692505e-07,-1.424923539161682e-07,0.2714285714285714
penguin,cat,8251,0.00823974609375,0.00078582763671875,0.00745391845703125,10.485436893203884
penguin,dog,5562,0.0008697509765625,0.0157470703125,-0.0148773193359375,0.055232558139534885
penguin,dragon,25105,5.221366882324219e-05,0.0002117156982421875,-0.0001595020294189453,0.24662162162162163
penguin,dragonfly,25105,5.221366882324219e-05,0.0002117156982421875,-0.0001595020294189453,0.24662162162162163
penguin,eagle,59889,8.58306884765625e-05,1.6167759895324707e-06,8.421391248703003e-05,53.08755760368663
penguin,elephant,45740,0.6171875,0.016845703125,0.600341796875,36.63768115942029
penguin,kangaroo,98286,0.0008697509765625,0.000736236572265625,0.000133514404296875,1.1813471502590673
penguin,lion,39032,0.000637054443359375,0.000576019287109375,6.103515625e-05,1.1059602649006623
penguin,ox,18952,6.645917892456055e-06,1.5459954738616943e-07,6.491318345069885e-06,42.98795180722892
penguin,panda,88222,0.0030364990234375,0.00146484375,0.0015716552734375,2.0729166666666665
penguin,pangolin,96874,0.0004100799560546875,0.0001983642578125,0.0002117156982421875,2.0673076923076925
penguin,peacock,1051,2.0265579223632812e-06,3.8370490074157715e-07,1.642853021621704e-06,5.281553398058253
penguin,penguin,281,0.00567626953125,0.000835418701171875,0.004840850830078125,6.794520547945205
penguin,phoenix,89715,1.6242265701293945e-06,4.917383193969727e-07,1.1324882507324219e-06,3.303030303030303
penguin,tiger,51735,0.0004367828369140625,0.0006103515625,-0.0001735687255859375,0.715625
penguin,unicorn,81830,0.0012664794921875,9.894371032714844e-06,0.0012565851211547852,128.0
penguin,wolf,36542,0.00028228759765625,0.0035247802734375,-0.00324249267578125,0.08008658008658008
phoenix,bear,11722,0.0003147125244140625,0.00016498565673828125,0.00014972686767578125,1.907514450867052
phoenix,bull,16811,4.5262277126312256e-07,1.955777406692505e-07,2.5704503059387207e-07,2.3142857142857145
phoenix,cat,8251,0.00811767578125,0.00078582763671875,0.00733184814453125,10.330097087378642
phoenix,dog,5562,3.647804260253906e-05,0.0157470703125,-0.01571059226989746,0.002316497093023256
phoenix,dragon,25105,0.00058746337890625,0.0002117156982421875,0.0003757476806640625,2.774774774774775
phoenix,dragonfly,25105,0.00058746337890625,0.0002117156982421875,0.0003757476806640625,2.774774774774775
phoenix,eagle,59889,0.000179290771484375,1.6167759895324707e-06,0.00017767399549484253,110.89400921658986
phoenix,elephant,45740,0.052978515625,0.016845703125,0.0361328125,3.1449275362318843
phoenix,kangaroo,98286,0.0031890869140625,0.000736236572265625,0.002452850341796875,4.331606217616581
phoenix,lion,39032,0.000667572021484375,0.000576019287109375,9.1552734375e-05,1.1589403973509933
phoenix,ox,18952,0.000278472900390625,1.5459954738616943e-07,0.00027831830084323883,1801.2530120481927
phoenix,panda,88222,0.004638671875,0.00146484375,0.003173828125,3.1666666666666665
phoenix,pangolin,96874,0.00494384765625,0.0001983642578125,0.0047454833984375,24.923076923076923
phoenix,peacock,1051,3.647804260253906e-05,3.8370490074157715e-07,3.6094337701797485e-05,95.06796116504854
phoenix,penguin,281,0.1123046875,0.000835418701171875,0.11146926879882812,134.42922374429224
phoenix,phoenix,89715,0.0002307891845703125,4.917383193969727e-07,0.00023029744625091553,469.3333333333333
phoenix,tiger,51735,0.000278472900390625,0.0006103515625,-0.000331878662109375,0.45625
phoenix,unicorn,81830,0.00141143798828125,9.894371032714844e-06,0.0014015436172485352,142.65060240963857
phoenix,wolf,36542,0.000179290771484375,0.0035247802734375,-0.003345489501953125,0.050865800865800864
tiger,bear,11722,0.0001506805419921875,0.00016498565673828125,-1.430511474609375e-05,0.9132947976878613
tiger,bull,16811,5.3085386753082275e-08,1.955777406692505e-07,-1.424923539161682e-07,0.2714285714285714
tiger,cat,8251,0.00823974609375,0.00078582763671875,0.00745391845703125,10.485436893203884
tiger,dog,5562,0.0008697509765625,0.0157470703125,-0.0148773193359375,0.055232558139534885
tiger,dragon,25105,5.221366882324219e-05,0.0002117156982421875,-0.0001595020294189453,0.24662162162162163
tiger,dragonfly,25105,5.221366882324219e-05,0.0002117156982421875,-0.0001595020294189453,0.24662162162162163
tiger,eagle,59889,8.58306884765625e-05,1.6167759895324707e-06,8.421391248703003e-05,53.08755760368663
tiger,elephant,45740,0.6171875,0.016845703125,0.600341796875,36.63768115942029
tiger,kangaroo,98286,0.0008697509765625,0.000736236572265625,0.000133514404296875,1.1813471502590673
tiger,lion,39032,0.000637054443359375,0.000576019287109375,6.103515625e-05,1.1059602649006623
tiger,ox,18952,6.645917892456055e-06,1.5459954738616943e-07,6.491318345069885e-06,42.98795180722892
tiger,panda,88222,0.0030364990234375,0.00146484375,0.0015716552734375,2.0729166666666665
tiger,pangolin,96874,0.0004100799560546875,0.0001983642578125,0.0002117156982421875,2.0673076923076925
tiger,peacock,1051,2.0265579223632812e-06,3.8370490074157715e-07,1.642853021621704e-06,5.281553398058253
tiger,penguin,281,0.00567626953125,0.000835418701171875,0.004840850830078125,6.794520547945205
tiger,phoenix,89715,1.6242265701293945e-06,4.917383193969727e-07,1.1324882507324219e-06,3.303030303030303
tiger,tiger,51735,0.0004367828369140625,0.0006103515625,-0.0001735687255859375,0.715625
tiger,unicorn,81830,0.0012664794921875,9.894371032714844e-06,0.0012565851211547852,128.0
tiger,wolf,36542,0.00028228759765625,0.0035247802734375,-0.00324249267578125,0.08008658008658008
unicorn,bear,11722,0.0001506805419921875,0.00016498565673828125,-1.430511474609375e-05,0.9132947976878613
unicorn,bull,16811,5.3085386753082275e-08,1.955777406692505e-07,-1.424923539161682e-07,0.2714285714285714
unicorn,cat,8251,0.00823974609375,0.00078582763671875,0.00745391845703125,10.485436893203884
unicorn,dog,5562,0.0008697509765625,0.0157470703125,-0.0148773193359375,0.055232558139534885
unicorn,dragon,25105,5.221366882324219e-05,0.0002117156982421875,-0.0001595020294189453,0.24662162162162163
unicorn,dragonfly,25105,5.221366882324219e-05,0.0002117156982421875,-0.0001595020294189453,0.24662162162162163
unicorn,eagle,59889,8.58306884765625e-05,1.6167759895324707e-06,8.421391248703003e-05,53.08755760368663
unicorn,elephant,45740,0.6171875,0.016845703125,0.600341796875,36.63768115942029
unicorn,kangaroo,98286,0.0008697509765625,0.000736236572265625,0.000133514404296875,1.1813471502590673
unicorn,lion,39032,0.000637054443359375,0.000576019287109375,6.103515625e-05,1.1059602649006623
unicorn,ox,18952,6.645917892456055e-06,1.5459954738616943e-07,6.491318345069885e-06,42.98795180722892
unicorn,panda,88222,0.0030364990234375,0.00146484375,0.0015716552734375,2.0729166666666665
unicorn,pangolin,96874,0.0004100799560546875,0.0001983642578125,0.0002117156982421875,2.0673076923076925
unicorn,peacock,1051,2.0265579223632812e-06,3.8370490074157715e-07,1.642853021621704e-06,5.281553398058253
unicorn,penguin,281,0.00567626953125,0.000835418701171875,0.004840850830078125,6.794520547945205
unicorn,phoenix,89715,1.6242265701293945e-06,4.917383193969727e-07,1.1324882507324219e-06,3.303030303030303
unicorn,tiger,51735,0.0004367828369140625,0.0006103515625,-0.0001735687255859375,0.715625
unicorn,unicorn,81830,0.0012664794921875,9.894371032714844e-06,0.0012565851211547852,128.0
unicorn,wolf,36542,0.00028228759765625,0.0035247802734375,-0.00324249267578125,0.08008658008658008
wolf,bear,11722,0.0001506805419921875,0.00016498565673828125,-1.430511474609375e-05,0.9132947976878613
wolf,bull,16811,5.3085386753082275e-08,1.955777406692505e-07,-1.424923539161682e-07,0.2714285714285714
wolf,cat,8251,0.00823974609375,0.00078582763671875,0.00745391845703125,10.485436893203884
wolf,dog,5562,0.0008697509765625,0.0157470703125,-0.0148773193359375,0.055232558139534885
wolf,dragon,25105,5.221366882324219e-05,0.0002117156982421875,-0.0001595020294189453,0.24662162162162163
wolf,dragonfly,25105,5.221366882324219e-05,0.0002117156982421875,-0.0001595020294189453,0.24662162162162163
wolf,eagle,59889,8.58306884765625e-05,1.6167759895324707e-06,8.421391248703003e-05,53.08755760368663
wolf,elephant,45740,0.6171875,0.016845703125,0.600341796875,36.63768115942029
wolf,kangaroo,98286,0.0008697509765625,0.000736236572265625,0.000133514404296875,1.1813471502590673
wolf,lion,39032,0.000637054443359375,0.000576019287109375,6.103515625e-05,1.1059602649006623
wolf,ox,18952,6.645917892456055e-06,1.5459954738616943e-07,6.491318345069885e-06,42.98795180722892
wolf,panda,88222,0.0030364990234375,0.00146484375,0.0015716552734375,2.0729166666666665
wolf,pangolin,96874,0.0004100799560546875,0.0001983642578125,0.0002117156982421875,2.0673076923076925
wolf,peacock,1051,2.0265579223632812e-06,3.8370490074157715e-07,1.642853021621704e-06,5.281553398058253
wolf,penguin,281,0.00567626953125,0.000835418701171875,0.004840850830078125,6.794520547945205
wolf,phoenix,89715,1.6242265701293945e-06,4.917383193969727e-07,1.1324882507324219e-06,3.303030303030303
wolf,tiger,51735,0.0004367828369140625,0.0006103515625,-0.0001735687255859375,0.715625
wolf,unicorn,81830,0.0012664794921875,9.894371032714844e-06,0.0012565851211547852,128.0
wolf,wolf,36542,0.00028228759765625,0.0035247802734375,-0.00324249267578125,0.08008658008658008
